,Date,Confirmed_1,Discharges_1,LocalTransmission_1
1,1/31/2020,0.0,0.0,0.0
2,2/1/2020,-1.0,0.0,0.0
3,2/2/2020,-2.0,0.0,0.0
4,2/3/2020,0.0,0.0,0.0
5,2/4/2020,6.0,1.0,4.0
6,2/5/2020,-2.0,-1.0,-1.0
7,2/6/2020,-2.0,0.0,-1.0
8,2/7/2020,1.0,1.0,1.0
9,2/8/2020,4.0,-1.0,4.0
10,2/9/2020,-4.0,4.0,-4.0
11,2/10/2020,-1.0,-3.0,-2.0
12,2/11/2020,0.0,1.0,1.0
13,2/12/2020,1.0,4.0,1.0
14,2/13/2020,5.0,-6.0,5.0
15,2/14/2020,1.0,2.0,1.0
16,2/15/2020,-4.0,-1.0,-4.0
17,2/16/2020,-2.0,0.0,-2.0
18,2/17/2020,-1.0,4.0,-2.0
19,2/18/2020,2.0,0.0,3.0
20,2/19/2020,-1.0,0.0,-1.0
21,2/20/2020,-2.0,-2.0,-2.0
22,2/21/2020,0.0,7.0,0.0
23,2/22/2020,2.0,-8.0,1.0
24,2/23/2020,-3.0,0.0,-2.0
25,2/24/2020,1.0,0.0,1.0
26,2/25/2020,0.0,3.0,0.0
27,2/26/2020,1.0,-1.0,1.0
28,2/27/2020,1.0,0.0,1.0
29,2/28/2020,-1.0,-1.0,-1.0
30,2/29/2020,2.0,0.0,2.0
31,3/1/2020,0.0,-1.0,0.0
32,3/2/2020,-2.0,2.0,-2.0
33,3/3/2020,0.0,-4.0,0.0
34,3/4/2020,0.0,1.0,0.0
35,3/5/2020,3.0,1.0,2.0
36,3/6/2020,8.0,-1.0,7.0
37,3/7/2020,-5.0,7.0,-5.0
38,3/8/2020,4.0,-8.0,5.0
39,3/9/2020,-2.0,3.0,-4.0
40,3/10/2020,-4.0,-3.0,-1.0
41,3/11/2020,6.0,3.0,-2.0
42,3/12/2020,-3.0,-3.0,0.0
43,3/13/2020,4.0,1.0,0.0
44,3/14/2020,-1.0,7.0,-1.0
45,3/15/2020,2.0,-8.0,2.0
46,3/16/2020,3.0,4.0,1.0
47,3/17/2020,6.0,1.0,0.0
48,3/18/2020,24.0,-2.0,8.0
49,3/19/2020,-15.0,4.0,-6.0
50,3/20/2020,8.0,0.0,2.0
51,3/21/2020,7.0,2.0,-2.0
52,3/22/2020,-24.0,-5.0,-3.0
53,3/23/2020,31.0,4.0,1.0
54,3/24/2020,-5.0,-5.0,11.0
55,3/25/2020,24.0,2.0,18.0
56,3/26/2020,-21.0,7.0,-11.0
57,3/27/2020,-3.0,-1.0,3.0
58,3/28/2020,21.0,4.0,2.0
59,3/29/2020,-28.0,-1.0,-11.0
60,3/30/2020,-7.0,2.0,8.0
61,3/31/2020,12.0,-4.0,5.0
62,4/1/2020,27.0,-7.0,23.0
63,4/2/2020,-25.0,16.0,-13.0
64,4/3/2020,16.0,-5.0,15.0
65,4/4/2020,10.0,-1.0,13.0
66,4/5/2020,45.0,8.0,47.0
67,4/6/2020,-54.0,1.0,-51.0
68,4/7/2020,40.0,9.0,38.0
69,4/8/2020,36.0,-4.0,37.0
70,4/9/2020,145.0,25.0,144.0
71,4/10/2020,-89.0,-22.0,-86.0
72,4/11/2020,-7.0,3.0,-7.0
73,4/12/2020,42.0,-3.0,42.0
74,4/13/2020,153.0,-6.0,153.0
75,4/14/2020,-52.0,-1.0,-52.0
76,4/15/2020,113.0,16.0,113.0
77,4/16/2020,281.0,-10.0,281.0
78,4/17/2020,-105.0,-6.0,-106.0
79,4/18/2020,319.0,13.0,320.0
80,4/19/2020,-346.0,-12.0,-346.0
81,4/20/2020,830.0,7.0,830.0
82,4/21/2020,-315.0,6.0,-315.0
83,4/22/2020,-95.0,18.0,-95.0
84,4/23/2020,21.0,-21.0,21.0
85,4/24/2020,-140.0,2.0,-140.0
86,4/25/2020,-279.0,8.0,-279.0
87,4/26/2020,313.0,12.0,311.0
88,4/27/2020,-132.0,-23.0,-130.0
89,4/28/2020,-271.0,-2.0,-271.0
90,4/29/2020,162.0,29.0,162.0
91,4/30/2020,-162.0,-6.0,-162.0
92,5/1/2020,404.0,-32.0,404.0
93,5/2/2020,-485.0,55.0,-485.0
94,5/3/2020,210.0,-18.0,210.0
95,5/4/2020,-84.0,-12.0,-84.0
96,5/5/2020,59.0,13.0,59.0
97,5/6/2020,156.0,53.0,156.0
98,5/7/2020,-47.0,-37.0,-47.0
99,5/8/2020,27.0,250.0,27.0
100,5/9/2020,-15.0,-72.0,-15.0
101,5/10/2020,123.0,169.0,122.0
102,5/11/2020,-390.0,79.0,-389.0
103,5/12/2020,398.0,122.0,398.0
104,5/13/2020,-209.0,332.0,-209.0
105,5/14/2020,77.0,206.0,77.0
106,5/15/2020,41.0,111.0,41.0
107,5/16/2020,-328.0,-181.0,-328.0
108,5/17/2020,217.0,-96.0,217.0
109,5/18/2020,-377.0,-503.0,-377.0
110,5/19/2020,146.0,35.0,146.0
111,5/20/2020,119.0,312.0,119.0
112,5/21/2020,-122.0,68.0,-122.0
113,5/22/2020,166.0,-72.0,166.0
114,5/23/2020,28.0,89.0,28.0
115,5/24/2020,-94.0,67.0,-94.0
116,5/25/2020,-204.0,-132.0,-204.0
117,5/26/2020,39.0,-156.0,39.0
118,5/27/2020,150.0,126.0,150.0
119,5/28/2020,-160.0,186.0,-160.0
120,5/29/2020,238.0,319.0,238.0
121,5/30/2020,-105.0,-241.0,-105.0
122,5/31/2020,12.0,-124.0,12.0
123,6/1/2020,-110.0,-205.0,-110.0
124,6/2/2020,136.0,-58.0,136.0
125,6/3/2020,25.0,-302.0,25.0
126,6/4/2020,-52.0,-85.0,-52.0
127,6/5/2020,-256.0,-17.0,-256.0
128,6/6/2020,83.0,45.0,83.0
129,6/7/2020,39.0,-23.0,39.0
130,6/8/2020,3.0,155.0,3.0
131,6/9/2020,-168.0,27.0,-168.0
132,6/10/2020,233.0,146.0,233.0
133,6/11/2020,-29.0,99.0,-29.0
134,6/12/2020,41.0,0.0,41.0
135,6/13/2020,-116.0,14.0,-116.0
136,6/14/2020,60.0,13.0,59.0
137,6/15/2020,-193.0,-4.0,-192.0
138,6/16/2020,-63.0,20.0,-63.0
139,6/17/2020,96.0,-22.0,96.0
140,6/18/2020,10.0,-1.0,10.0
141,6/19/2020,-115.0,-27.0,-115.0
142,6/20/2020,76.0,18.0,76.0
143,6/21/2020,44.0,-47.0,44.0
144,6/22/2020,-44.0,-70.0,-44.0
145,6/23/2020,-99.0,-243.0,-99.0
146,6/24/2020,72.0,-101.0,72.0
147,6/25/2020,-78.0,1.0,-78.0
148,6/26/2020,106.0,-84.0,106.0
149,6/27/2020,72.0,117.0,72.0
150,6/28/2020,-78.0,7.0,-78.0
151,6/29/2020,-11.0,132.0,-11.0
152,6/30/2020,44.0,38.0,43.0
153,7/1/2020,-31.0,-4.0,-34.0
154,7/2/2020,-27.0,-93.0,-24.0
155,7/3/2020,-19.0,-78.0,-21.0
156,7/4/2020,16.0,8.0,18.0
157,7/5/2020,-49.0,-24.0,-55.0
158,7/6/2020,47.0,-48.0,51.0
159,7/7/2020,-26.0,9.0,-26.0
160,7/8/2020,1.0,36.0,1.0
161,7/9/2020,-33.0,1.0,-31.0
162,7/10/2020,66.0,-187.0,66.0
163,7/11/2020,-21.0,111.0,-21.0
164,7/12/2020,8.0,13.0,8.0
165,7/13/2020,144.0,-3.0,140.0
166,7/14/2020,25.0,-60.0,28.0
167,7/15/2020,-98.0,55.0,-101.0
168,7/16/2020,-1.0,17.0,0.0
169,7/17/2020,79.0,53.0,80.0
170,7/18/2020,-125.0,-65.0,-130.0
171,7/19/2020,55.0,-3.0,58.0
172,7/20/2020,-134.0,32.0,-131.0
173,7/21/2020,276.0,-72.0,275.0
174,7/22/2020,-89.0,-2.0,-92.0
175,7/23/2020,44.0,9.0,45.0
176,7/24/2020,-77.0,-63.0,-74.0
177,7/25/2020,236.0,23.0,232.0
178,7/26/2020,-32.0,-11.0,-30.0
179,7/27/2020,-12.0,2.0,-23.0
180,7/28/2020,-110.0,30.0,-97.0
181,7/29/2020,-25.0,4.0,-27.0
182,7/30/2020,-56.0,5.0,-56.0
183,7/31/2020,118.0,-27.0,119.0
184,8/1/2020,-89.0,66.0,-91.0
185,8/2/2020,6.0,-63.0,6.0
186,8/3/2020,-87.0,67.0,-91.0
187,8/4/2020,69.0,22.0,71.0
188,8/5/2020,613.0,39.0,616.0
189,8/6/2020,-607.0,-51.0,-607.0
190,8/7/2020,-59.0,18.0,-61.0
191,8/8/2020,-110.0,-10.0,-110.0
192,8/9/2020,43.0,61.0,46.0
193,8/10/2020,13.0,362.0,4.0
194,8/11/2020,-127.0,-175.0,-118.0
195,8/12/2020,-19.0,-127.0,-27.0
196,8/13/2020,60.0,-176.0,65.0
197,8/14/2020,-19.0,97.0,-17.0
198,8/15/2020,-2.0,159.0,-14.0
199,8/16/2020,5.0,-40.0,15.0
200,8/17/2020,5.0,-35.0,5.0
201,8/18/2020,9.0,-214.0,13.0
202,8/19/2020,-7.0,94.0,-11.0
203,8/20/2020,-25.0,32.0,-21.0
204,8/21/2020,49.0,223.0,38.0
205,8/22/2020,-67.0,-263.0,-59.0
206,8/23/2020,37.0,-25.0,29.0
207,8/24/2020,-36.0,179.0,-30.0
208,8/25/2020,-20.0,-193.0,-14.0
209,8/26/2020,29.0,-75.0,20.0
210,8/27/2020,17.0,13.0,22.0
211,8/28/2020,17.0,30.0,12.0
212,8/29/2020,-43.0,-88.0,-36.0
213,8/30/2020,3.0,29.0,-1.0
214,8/31/2020,-13.0,-67.0,-13.0
215,9/1/2020,-1.0,19.0,-1.0
216,9/2/2020,9.0,51.0,13.0
217,9/3/2020,-1.0,-5.0,-3.0
218,9/4/2020,-8.0,9.0,-6.0
219,9/5/2020,-6.0,-53.0,-5.0
220,9/6/2020,6.0,-27.0,-5.0
221,9/7/2020,-18.0,9.0,-8.0
222,9/8/2020,25.0,-22.0,27.0
223,9/9/2020,28.0,-22.0,15.0
224,9/10/2020,-12.0,35.0,-4.0
225,9/11/2020,23.0,-17.0,16.0
226,9/12/2020,-44.0,43.0,-41.0
227,9/13/2020,7.0,-27.0,9.0
228,9/14/2020,-1.0,-27.0,2.0
229,9/15/2020,-14.0,44.0,-15.0
230,9/16/2020,-7.0,-11.0,-3.0
231,9/17/2020,-9.0,13.0,-9.0
232,9/18/2020,-7.0,-52.0,-6.0
233,9/19/2020,4.0,39.0,0.0
234,9/20/2020,3.0,-32.0,4.0
235,9/21/2020,13.0,21.0,8.0
236,9/22/2020,-10.0,-39.0,-2.0
237,9/23/2020,-9.0,8.0,-12.0
238,9/24/2020,3.0,13.0,2.0
239,9/25/2020,-4.0,-34.0,-1.0
240,9/26/2020,9.0,11.0,6.0
241,9/27/2020,-5.0,-11.0,-5.0
242,9/28/2020,0.0,18.0,-1.0
243,9/29/2020,12.0,47.0,9.0
244,9/30/2020,-4.0,-51.0,1.0
245,10/1/2020,-4.0,2.0,-15.0
246,10/2/2020,-9.0,-2.0,1.0
247,10/3/2020,-4.0,6.0,-3.0
248,10/4/2020,6.0,-15.0,4.0
249,10/5/2020,-5.0,9.0,0.0
250,10/6/2020,4.0,-7.0,1.0
251,10/7/2020,-1.0,-3.0,-3.0
252,10/8/2020,-1.0,32.0,0.0
253,10/9/2020,1.0,-37.0,-3.0
254,10/10/2020,-3.0,16.0,1.0
255,10/11/2020,3.0,-16.0,1.0
256,10/12/2020,-6.0,16.0,-1.0
257,10/13/2020,0.0,-11.0,-2.0
258,10/14/2020,1.0,0.0,2.0
259,10/15/2020,-2.0,0.0,-1.0
260,10/16/2020,6.0,8.0,0.0
261,10/17/2020,-6.0,-6.0,1.0
262,10/18/2020,4.0,-5.0,0.0
263,10/19/2020,-3.0,3.0,-2.0
264,10/20/2020,2.0,-12.0,2.0
265,10/21/2020,6.0,2.0,-2.0
266,10/22/2020,-4.0,6.0,1.0
267,10/23/2020,2.0,-5.0,-1.0
268,10/24/2020,4.0,9.0,3.0
269,10/25/2020,-9.0,2.0,-1.0
270,10/26/2020,-2.0,7.0,-1.0
271,10/27/2020,4.0,-17.0,0.0
272,10/28/2020,0.0,3.0,-1.0
273,10/29/2020,0.0,2.0,0.0
274,10/30/2020,2.0,1.0,2.0
275,10/31/2020,3.0,-6.0,-2.0
276,11/1/2020,-8.0,7.0,0.0
277,11/2/2020,-3.0,-11.0,0.0
278,11/3/2020,8.0,13.0,2.0
279,11/4/2020,-2.0,-12.0,0.0
280,11/5/2020,0.0,10.0,-1.0
281,11/6/2020,-3.0,-1.0,-1.0
282,11/7/2020,3.0,-1.0,0.0
283,11/8/2020,-5.0,-2.0,0.0
284,11/9/2020,6.0,-1.0,0.0
285,11/10/2020,1.0,-2.0,2.0
286,11/11/2020,9.0,1.0,-2.0
287,11/12/2020,-7.0,7.0,0.0
288,11/13/2020,1.0,-6.0,0.0
289,11/14/2020,-10.0,5.0,0.0
290,11/15/2020,1.0,-1.0,0.0
291,11/16/2020,2.0,-6.0,0.0
292,11/17/2020,1.0,2.0,0.0
293,11/18/2020,-1.0,1.0,0.0
294,11/19/2020,-1.0,-1.0,0.0
295,11/20/2020,0.0,0.0,0.0
296,11/21/2020,1.0,0.0,0.0
297,11/22/2020,7.0,-3.0,0.0
298,11/23/2020,-7.0,1.0,0.0
299,11/24/2020,13.0,4.0,0.0
300,11/25/2020,-11.0,4.0,0.0
301,11/26/2020,-2.0,1.0,1.0
302,11/27/2020,-1.0,-6.0,-1.0
303,11/28/2020,2.0,1.0,1.0
304,11/29/2020,2.0,-3.0,0.0
305,11/30/2020,-3.0,5.0,0.0
306,12/1/2020,5.0,-5.0,1.0
307,12/2/2020,-8.0,0.0,-2.0
308,12/3/2020,7.0,-4.0,1.0
309,12/4/2020,-6.0,6.0,-1.0
310,12/5/2020,10.0,-1.0,1.0
311,12/6/2020,-8.0,-4.0,-1.0
312,12/7/2020,8.0,6.0,0.0
313,12/8/2020,-1.0,0.0,0.0
314,12/9/2020,-6.0,-2.0,0.0
315,12/10/2020,0.0,0.0,0.0
316,12/11/2020,2.0,-2.0,1.0
317,12/12/2020,0.0,1.0,-1.0
318,12/13/2020,-1.0,6.0,0.0
319,12/14/2020,-2.0,-9.0,0.0
320,12/15/2020,11.0,21.0,1.0
321,12/16/2020,-4.0,-18.0,-1.0
322,12/17/2020,12.0,9.0,0.0
323,12/18/2020,-15.0,-1.0,0.0
324,12/19/2020,8.0,-4.0,0.0
325,12/20/2020,2.0,-4.0,0.0
326,12/21/2020,-9.0,3.0,1.0
327,12/22/2020,19.0,9.0,-1.0
328,12/23/2020,-8.0,1.0,0.0
329,12/24/2020,-8.0,-8.0,0.0
330,12/25/2020,1.0,10.0,0.0
331,12/26/2020,-4.0,-10.0,0.0
332,12/27/2020,-5.0,-2.0,0.0
333,12/28/2020,0.0,8.0,1.0
334,12/29/2020,8.0,-2.0,-1.0
335,12/30/2020,14.0,-3.0,1.0
336,12/31/2020,3.0,27.0,4.0
337,1/1/2021,0.0,-28.0,-2.0
338,1/2/2021,3.0,7.0,-3.0
339,1/3/2021,2.0,-6.0,0.0
340,1/4/2021,-11.0,-1.0,0.0
341,1/5/2021,4.0,10.0,2.0
342,1/6/2021,3.0,4.0,0.0
343,1/7/2021,2.0,-3.0,0.0
344,1/8/2021,-10.0,-3.0,0.0
345,1/9/2021,6.0,13.0,-2.0
346,1/10/2021,13.0,-6.0,0.0
347,1/11/2021,-20.0,7.0,0.0
348,1/12/2021,-5.0,-6.0,0.0
349,1/13/2021,21.0,2.0,1.0
350,1/14/2021,7.0,7.0,0.0
351,1/15/2021,-15.0,-21.0,0.0
352,1/16/2021,-6.0,-1.0,4.0
353,1/17/2021,6.0,49.0,-3.0
354,1/18/2021,-16.0,-40.0,0.0
355,1/19/2021,16.0,4.0,2.0
356,1/20/2021,10.0,6.0,0.0
357,1/21/2021,-2.0,1.0,0.0
358,1/22/2021,-23.0,-9.0,-3.0
359,1/23/2021,-5.0,8.0,-1.0
360,1/24/2021,38.0,-6.0,0.0
361,1/25/2021,-4.0,-1.0,0.0
362,1/26/2021,-30.0,-5.0,0.0
363,1/27/2021,11.0,-2.0,0.0
364,1/28/2021,9.0,26.0,0.0
365,1/29/2021,-10.0,-11.0,0.0
366,1/30/2021,34.0,-18.0,3.0
367,1/31/2021,-29.0,17.0,-3.0
368,2/1/2021,0.0,11.0,0.0
369,2/2/2021,-10.0,-13.0,0.0
370,2/3/2021,-1.0,-11.0,0.0
371,2/4/2021,4.0,9.0,0.0
372,2/5/2021,3.0,-3.0,2.0
373,2/6/2021,1.0,7.0,-2.0
374,2/7/2021,-2.0,-4.0,1.0
375,2/8/2021,-2.0,23.0,1.0
376,2/9/2021,-11.0,-29.0,-2.0
377,2/10/2021,4.0,-2.0,1.0
378,2/11/2021,-3.0,12.0,2.0
379,2/12/2021,6.0,-21.0,-1.0
380,2/13/2021,-9.0,24.0,-2.0
381,2/14/2021,5.0,-18.0,0.0
382,2/15/2021,-5.0,3.0,0.0
383,2/16/2021,-8.0,0.0,0.0
384,2/17/2021,10.0,-5.0,1.0
385,2/18/2021,0.0,-12.0,-1.0
386,2/19/2021,3.0,15.0,0.0
387,2/20/2021,-2.0,4.0,0.0
388,2/21/2021,-1.0,-10.0,0.0
389,2/22/2021,-1.0,3.0,1.0
390,2/23/2021,-6.0,-8.0,0.0
391,2/24/2021,3.0,1.0,0.0
392,2/25/2021,3.0,16.0,1.0
393,2/26/2021,3.0,-6.0,-2.0
394,2/27/2021,-1.0,-5.0,0.0
395,2/28/2021,-1.0,-6.0,1.0
396,3/1/2021,1.0,0.0,-1.0
397,3/2/2021,-4.0,5.0,0.0
398,3/3/2021,15.0,-5.0,2.0
399,3/4/2021,-4.0,1.0,-1.0
400,3/5/2021,-10.0,5.0,-1.0
401,3/6/2021,4.0,-4.0,1.0
402,3/7/2021,0.0,6.0,-1.0
403,3/8/2021,0.0,-9.0,0.0
404,3/9/2021,-7.0,-1.0,0.0
405,3/10/2021,4.0,1.0,0.0
406,3/11/2021,-2.0,22.0,1.0
407,3/12/2021,2.0,-17.0,0.0
408,3/13/2021,-2.0,0.0,-1.0
409,3/14/2021,9.0,-4.0,0.0
410,3/15/2021,-5.0,-1.0,0.0
411,3/16/2021,-1.0,4.0,0.0
412,3/17/2021,-2.0,7.0,0.0
413,3/18/2021,6.0,-4.0,0.0
414,3/19/2021,0.0,-8.0,0.0
415,3/20/2021,2.0,-2.0,0.0
416,3/21/2021,-5.0,13.0,0.0
417,3/22/2021,0.0,-3.0,0.0
418,3/23/2021,1.0,-1.0,0.0
419,3/24/2021,2.0,3.0,0.0
420,3/25/2021,2.0,-7.0,0.0
421,3/26/2021,-5.0,9.0,1.0
422,3/27/2021,11.0,-7.0,0.0
423,3/28/2021,-11.0,-1.0,-1.0
424,3/29/2021,9.0,0.0,0.0
425,3/30/2021,5.0,-2.0,0.0
426,3/31/2021,8.0,4.0,1.0
427,4/1/2021,-8.0,1.0,-1.0
428,4/2/2021,17.0,3.0,0.0
429,4/3/2021,-25.0,-6.0,1.0
430,4/4/2021,-8.0,8.0,-1.0
431,4/5/2021,7.0,-5.0,0.0
432,4/6/2021,7.0,13.0,0.0
433,4/7/2021,11.0,-4.0,1.0
434,4/8/2021,-14.0,3.0,-1.0
435,4/9/2021,5.0,-4.0,0.0
436,4/10/2021,6.0,-2.0,1.0
437,4/11/2021,-12.0,-5.0,0.0
438,4/12/2021,5.0,9.0,-1.0
439,4/13/2021,-11.0,-5.0,0.0
440,4/14/2021,13.0,1.0,1.0
441,4/15/2021,-11.0,7.0,-1.0
442,4/16/2021,18.0,4.0,2.0
443,4/17/2021,5.0,-12.0,2.0
444,4/18/2021,-16.0,5.0,-3.0
445,4/19/2021,-3.0,-4.0,0.0
446,4/20/2021,-6.0,19.0,0.0
447,4/21/2021,1.0,-1.0,0.0
448,4/22/2021,9.0,-9.0,1.0
449,4/23/2021,15.0,-17.0,1.0
450,4/24/2021,-16.0,6.0,2.0
451,4/25/2021,17.0,17.0,-5.0
452,4/26/2021,5.0,-13.0,2.0
453,4/27/2021,-33.0,2.0,-1.0
454,4/28/2021,11.0,-8.0,2.0
455,4/29/2021,12.0,6.0,13.0
456,4/30/2021,-11.0,-7.0,-7.0
457,5/1/2021,10.0,1.0,0.0
458,5/2/2021,5.0,7.0,5.0
459,5/3/2021,-22.0,-1.0,-4.0
460,5/4/2021,0.0,-3.0,-5.0
461,5/5/2021,-1.0,4.0,-4.0
462,5/6/2021,2.0,8.0,1.0
463,5/7/2021,7.0,4.0,2.0
464,5/8/2021,-5.0,-27.0,3.0
465,5/9/2021,8.0,15.0,3.0
466,5/10/2021,-9.0,-1.0,-7.0
467,5/11/2021,6.0,2.0,10.0
468,5/12/2021,-9.0,9.0,-3.0
469,5/13/2021,18.0,-8.0,14.0
470,5/14/2021,18.0,-5.0,0.0
471,5/15/2021,-21.0,-3.0,-5.0
472,5/16/2021,18.0,27.0,19.0
473,5/17/2021,-21.0,-23.0,-17.0
474,5/18/2021,10.0,-8.0,6.0
475,5/19/2021,0.0,38.0,7.0
476,5/20/2021,3.0,-3.0,-7.0
477,5/21/2021,-1.0,-33.0,3.0
478,5/22/2021,-11.0,22.0,-8.0
479,5/23/2021,-4.0,-18.0,0.0
480,5/24/2021,11.0,5.0,2.0
481,5/25/2021,-6.0,-9.0,-3.0
482,5/26/2021,-4.0,18.0,3.0
483,5/27/2021,-2.0,-19.0,-9.0
484,5/28/2021,6.0,23.0,0.0
485,5/29/2021,3.0,-19.0,8.0
486,5/30/2021,-8.0,-5.0,-4.0
487,5/31/2021,-2.0,14.0,-3.0
488,6/1/2021,-5.0,-3.0,-1.0
489,6/2/2021,13.0,20.0,9.0
490,6/3/2021,14.0,-8.0,11.0
491,6/4/2021,-32.0,-11.0,-28.0
492,6/5/2021,5.0,10.0,6.0
493,6/6/2021,2.0,-11.0,-7.0
494,6/7/2021,-6.0,3.0,-1.0
495,6/8/2021,-5.0,17.0,-1.0
496,6/9/2021,-5.0,-4.0,-2.0
497,6/10/2021,9.0,-13.0,2.0
498,6/11/2021,-4.0,9.0,-1.0
499,6/12/2021,9.0,5.0,6.0
500,6/13/2021,-5.0,-8.0,1.0
501,6/14/2021,12.0,-6.0,9.0
502,6/15/2021,-11.0,-8.0,-5.0
503,6/16/2021,10.0,3.0,5.0
504,6/17/2021,3.0,9.0,1.0
505,6/18/2021,-11.0,-2.0,-6.0
506,6/19/2021,5.0,9.0,0.0
507,6/20/2021,-10.0,-17.0,-5.0
508,6/21/2021,5.0,9.0,4.0
509,6/22/2021,2.0,0.0,2.0
510,6/23/2021,4.0,-13.0,-2.0
511,6/24/2021,1.0,12.0,1.0
512,6/25/2021,-3.0,-6.0,1.0
513,6/26/2021,-3.0,-1.0,-2.0
514,6/27/2021,-3.0,-6.0,-1.0
515,6/28/2021,-5.0,3.0,-8.0
516,6/29/2021,1.0,-10.0,1.0
517,6/30/2021,6.0,2.0,0.0
518,7/1/2021,-6.0,-3.0,-1.0
519,7/2/2021,0.0,10.0,-1.0
520,7/3/2021,-3.0,-1.0,1.0
521,7/4/2021,4.0,6.0,-3.0
522,7/5/2021,2.0,-8.0,5.0
523,7/6/2021,-3.0,1.0,-4.0
524,7/7/2021,2.0,14.0,3.0
525,7/8/2021,4.0,-6.0,-2.0
526,7/9/2021,-6.0,-11.0,-2.0
527,7/10/2021,-4.0,12.0,-1.0
528,7/11/2021,2.0,-6.0,1.0
529,7/12/2021,18.0,1.0,7.0
530,7/13/2021,0.0,3.0,11.0
531,7/14/2021,34.0,-7.0,37.0
532,7/15/2021,-12.0,0.0,-14.0
533,7/16/2021,13.0,3.0,11.0
534,7/17/2021,7.0,-3.0,7.0
535,7/18/2021,24.0,0.0,28.0
536,7/19/2021,80.0,-8.0,75.0
537,7/20/2021,23.0,5.0,19.0
538,7/21/2021,-14.0,6.0,-3.0
539,7/22/2021,-11.0,-1.0,-17.0
540,7/23/2021,-37.0,-5.0,-32.0
541,7/24/2021,-3.0,-3.0,-3.0
542,7/25/2021,-5.0,2.0,-10.0
543,7/26/2021,10.0,2.0,12.0
544,7/27/2021,4.0,8.0,7.0
545,7/28/2021,-3.0,6.0,-6.0
546,7/29/2021,-3.0,-10.0,-1.0
547,7/30/2021,6.0,38.0,2.0
548,7/31/2021,-19.0,76.0,-14.0
549,8/1/2021,1.0,-36.0,-4.0
550,8/2/2021,-10.0,-18.0,-7.0
551,8/3/2021,-9.0,143.0,-8.0
552,8/4/2021,-7.0,-114.0,-6.0
553,8/5/2021,3.0,-5.0,4.0
554,8/6/2021,-1.0,-21.0,-3.0
555,8/7/2021,-16.0,43.0,-18.0
556,8/8/2021,-3.0,78.0,-2.0
557,8/9/2021,-6.0,4.0,-4.0
558,8/10/2021,-18.0,-114.0,-16.0
559,8/11/2021,9.0,51.0,8.0
560,8/12/2021,-4.0,-54.0,-2.0
561,8/13/2021,-10.0,70.0,-14.0
562,8/14/2021,9.0,-25.0,12.0
563,8/15/2021,-5.0,-9.0,-7.0
564,8/16/2021,0.0,-13.0,-2.0
565,8/17/2021,3.0,50.0,4.0
566,8/18/2021,-3.0,-70.0,-3.0
567,8/19/2021,-21.0,0.0,-20.0
568,8/20/2021,8.0,70.0,7.0
569,8/21/2021,-3.0,-34.0,-4.0
570,8/22/2021,-2.0,-53.0,-3.0
571,8/23/2021,63.0,26.0,65.0
572,8/24/2021,18.0,-27.0,17.0
573,8/25/2021,4.0,-19.0,7.0
574,8/26/2021,-4.0,31.0,-6.0
575,8/27/2021,6.0,-25.0,8.0
576,8/28/2021,-1.0,-5.0,-7.0
577,8/29/2021,12.0,16.0,11.0
578,8/30/2021,22.0,-30.0,23.0
579,8/31/2021,6.0,2.0,9.0
580,9/1/2021,19.0,6.0,21.0
581,9/2/2021,11.0,42.0,10.0
582,9/3/2021,28.0,-34.0,29.0
583,9/4/2021,40.0,88.0,37.0
584,9/5/2021,-68.0,-56.0,-67.0
585,9/6/2021,50.0,31.0,49.0
586,9/7/2021,91.0,29.0,93.0
587,9/8/2021,17.0,197.0,19.0
588,9/9/2021,108.0,-124.0,103.0
589,9/10/2021,116.0,113.0,118.0
590,9/11/2021,-18.0,-113.0,-18.0
591,9/12/2021,-35.0,-21.0,-33.0
592,9/13/2021,87.0,47.0,80.0
593,9/14/2021,230.0,-82.0,235.0
594,9/15/2021,-30.0,112.0,-28.0
595,9/16/2021,103.0,97.0,102.0
596,9/17/2021,25.0,-11.0,28.0
597,9/18/2021,74.0,147.0,70.0
598,9/19/2021,3.0,-34.0,5.0
599,9/20/2021,-95.0,11.0,-99.0
600,9/21/2021,261.0,54.0,263.0
601,9/22/2021,279.0,-79.0,280.0
602,9/23/2021,47.0,-141.0,38.0
603,9/24/2021,146.0,663.0,155.0
604,9/25/2021,-207.0,-244.0,-222.0
605,9/26/2021,496.0,-223.0,510.0
606,9/27/2021,-292.0,7.0,-292.0
607,9/28/2021,589.0,521.0,584.0
608,9/29/2021,32.0,41.0,32.0
609,9/30/2021,210.0,-219.0,216.0
610,10/1/2021,431.0,83.0,423.0
611,10/2/2021,-553.0,653.0,-547.0
612,10/3/2021,-299.0,-404.0,-301.0
613,10/4/2021,418.0,1341.0,411.0
614,10/5/2021,1011.0,-795.0,1020.0
615,10/6/2021,91.0,1154.0,82.0
616,10/7/2021,-94.0,546.0,-87.0
617,10/8/2021,107.0,-991.0,115.0
618,10/9/2021,113.0,565.0,110.0
619,10/10/2021,-894.0,-550.0,-893.0
620,10/11/2021,-546.0,-220.0,-552.0
621,10/12/2021,713.0,-139.0,717.0
622,10/13/2021,214.0,1105.0,212.0
623,10/14/2021,-258.0,212.0,-255.0
624,10/15/2021,513.0,-143.0,514.0
625,10/16/2021,-97.0,145.0,-99.0
626,10/17/2021,-290.0,325.0,-289.0
627,10/18/2021,-505.0,-683.0,-503.0
628,10/19/2021,1441.0,-536.0,1429.0
629,10/20/2021,-132.0,180.0,-130.0
630,10/21/2021,-423.0,-109.0,-414.0
631,10/22/2021,198.0,219.0,194.0
632,10/23/2021,-39.0,687.0,-37.0
633,10/24/2021,-215.0,-143.0,-219.0
634,10/25/2021,-209.0,-415.0,-210.0
635,10/26/2021,103.0,-98.0,107.0
636,10/27/2021,2047.0,316.0,2040.0
637,10/28/2021,-1892.0,1176.0,-1889.0
638,10/29/2021,816.0,-1337.0,823.0
639,10/30/2021,-1136.0,901.0,-1138.0
640,10/31/2021,51.0,-153.0,51.0
641,11/1/2021,-693.0,-207.0,-692.0
642,11/2/2021,1026.0,-546.0,1026.0
643,11/3/2021,139.0,334.0,139.0
644,11/4/2021,-632.0,1747.0,-632.0
645,11/5/2021,-1236.0,-1430.0,-1241.0
646,11/6/2021,1268.0,214.0,1271.0
647,11/7/2021,-482.0,-945.0,-482.0
648,11/8/2021,-83.0,290.0,-85.0
649,11/9/2021,927.0,-382.0,928.0
650,11/10/2021,84.0,-339.0,82.0
651,11/11/2021,-1085.0,1915.0,-1094.0
652,11/12/2021,703.0,-1431.0,714.0
653,11/13/2021,-795.0,-441.0,-794.0
654,11/14/2021,-581.0,-335.0,-582.0
655,11/15/2021,346.0,1067.0,348.0
656,11/16/2021,0.0,-909.0,-1.0
657,11/17/2021,1405.0,194.0,1400.0
658,11/18/2021,-1436.0,1217.0,-1433.0
659,11/19/2021,-304.0,-898.0,-301.0
660,11/20/2021,197.0,-341.0,195.0
661,11/21/2021,-261.0,107.0,-268.0
662,11/22/2021,-209.0,-513.0,-202.0
663,11/23/2021,321.0,-349.0,320.0
664,11/24/2021,297.0,497.0,295.0
665,11/25/2021,-804.0,948.0,-811.0
666,11/26/2021,-185.0,-990.0,-173.0
667,11/27/2021,671.0,-336.0,666.0
668,11/28/2021,-1014.0,164.0,-1008.0
669,11/29/2021,356.0,-250.0,351.0
670,11/30/2021,136.0,-412.0,122.0
